{"times": [[1, 4.003427743911743], [2, 3.5065906047821045], [3, 3.49066424369812], [4, 3.4826531410217285], [5, 3.4757065773010254]], "losses": [[1, 4.600930957233205], [2, 4.357264727969996], [3, 4.29510982351197], [4, 4.266413154586889], [5, 4.231469116643048]], "cluster_quality": [[1, 0.32920612338339955], [2, 0.3170746376216708], [3, 0.31636900807316376], [4, 0.3306394400157756], [5, 0.340885297430789]], "params": {"input": "D:/GEMSEC-master/data/flights_edges.csv", "embedding_output": "D:/GEMSEC-master/output/embeddings/flight_embedding.csv", "cluster_mean_output": "D:/GEMSEC-master/output/cluster_means/flight_means.csv", "log_output": "D:/GEMSEC-master/output/logs/flight.json", "assignment_output": "D:/GEMSEC-master/output/assignments/flight.json", "dump_matrices": true, "model": "GEMSECWithRegularization", "P": 1, "Q": 1, "walker": "first", "dimensions": 180, "random_walk_length": 30, "num_of_walks": 5, "window_size": 5, "distortion": 0.75, "negative_sample_number": 180, "initial_learning_rate": 0.01, "minimal_learning_rate": 0.001, "annealing_factor": 1, "initial_gamma": 0.1, "final_gamma": 0.5, "lambd": 0.0625, "cluster_number": 628, "overlap_weighting": "normalized_overlap", "regularization_noise": 1e-08}}