{"times": [[1, 16.155743837356567], [2, 16.06309676170349], [3, 16.18594455718994], [4, 16.00091791152954], [5, 16.344581604003906]], "losses": [[1, 1.2008682769889072], [2, 0.8394563991403663], [3, 0.8018052350015921], [4, 0.7482855350265283], [5, 0.7271342500856685]], "cluster_quality": [[1, 0.8306061685218877], [2, 0.8387495468130296], [3, 0.8446596910744022], [4, 0.8476590247235672], [5, 0.8496874327232227]], "params": {"input": "D:/GEMSEC-master/data/politician_edges.csv", "embedding_output": "D:/GEMSEC-master/output/embeddings/politician_embedding.csv", "cluster_mean_output": "D:/GEMSEC-master/output/cluster_means/politician_means.csv", "log_output": "D:/GEMSEC-master/output/logs/politician.json", "assignment_output": "D:/GEMSEC-master/output/assignments/politician.json", "dump_matrices": true, "model": "GEMSECWithRegularization", "P": 1, "Q": 1, "walker": "first", "dimensions": 16, "random_walk_length": 80, "num_of_walks": 5, "window_size": 5, "distortion": 0.75, "negative_sample_number": 10, "initial_learning_rate": 0.01, "minimal_learning_rate": 0.001, "annealing_factor": 1, "initial_gamma": 0.1, "final_gamma": 0.5, "lambd": 0.0625, "cluster_number": 20, "overlap_weighting": "normalized_overlap", "regularization_noise": 1e-08}}